Tarih;Saat;PTF;SMF;Pozitif Dengesizlik Fiyatý (TL/MWh);Negatif Dengesizlik Fiyatý (TL/MWh);SMF Yön
1.07.2025;00:00;3.200,01;3.390,00;3.104,01;3.491,70;Enerji Açýðý
1.07.2025;01:00;3.200,01;3.390,00;3.104,01;3.491,70;Enerji Açýðý
1.07.2025;02:00;3.190,00;3.390,00;3.094,30;3.491,70;Enerji Açýðý
1.07.2025;03:00;3.200,00;3.250,00;3.104,00;3.347,50;Enerji Açýðý
1.07.2025;04:00;3.154,07;3.154,07;3.059,45;3.248,69;Enerji Açýðý
1.07.2025;05:00;3.054,71;3.054,71;2.963,07;3.146,35;Enerji Açýðý
1.07.2025;06:00;2.909,00;3.118,88;2.821,73;3.212,45;Enerji Açýðý
1.07.2025;07:00;2.527,00;3.118,88;2.451,19;3.212,45;Enerji Açýðý
1.07.2025;08:00;3.284,70;3.350,00;3.186,16;3.450,50;Enerji Açýðý
1.07.2025;09:00;3.214,84;3.348,00;3.118,39;3.448,44;Enerji Açýðý
1.07.2025;10:00;2.984,99;3.150,00;2.895,44;3.244,50;Enerji Açýðý
1.07.2025;11:00;3.079,07;3.118,88;2.986,70;3.212,45;Enerji Açýðý
1.07.2025;12:00;1.400,00;2.700,00;1.358,00;2.781,00;Enerji Açýðý
1.07.2025;13:00;2.327,99;3.118,88;2.258,15;3.212,45;Enerji Açýðý
1.07.2025;14:00;2.974,01;3.290,58;2.884,79;3.389,30;Enerji Açýðý
1.07.2025;15:00;2.874,00;3.200,00;2.787,78;3.296,00;Enerji Açýðý
1.07.2025;16:00;3.125,00;2.627,00;2.548,19;3.218,75;Enerji Fazlasý
1.07.2025;17:00;2.998,01;3.100,00;2.908,07;3.193,00;Enerji Açýðý
1.07.2025;18:00;3.150,83;3.189,00;3.056,31;3.284,67;Enerji Açýðý
1.07.2025;19:00;3.275,08;3.400,00;3.176,83;3.502,00;Enerji Açýðý
1.07.2025;20:00;3.359,99;3.400,00;3.259,19;3.502,00;Enerji Açýðý
1.07.2025;21:00;3.399,00;3.400,00;3.297,03;3.502,00;Enerji Açýðý
1.07.2025;22:00;3.068,00;3.068,00;2.975,96;3.160,04;Enerji Açýðý
1.07.2025;23:00;2.972,08;2.197,00;2.131,09;3.061,24;Enerji Fazlasý
2.07.2025;00:00;2.998,00;2.263,00;2.195,11;3.087,94;Enerji Fazlasý
2.07.2025;01:00;2.917,87;2.917,87;2.830,33;3.005,41;Enerji Açýðý
2.07.2025;02:00;2.650,00;2.650,00;2.570,50;2.729,50;Enerji Açýðý
2.07.2025;03:00;2.800,00;2.197,00;2.131,09;2.884,00;Enerji Fazlasý
2.07.2025;04:00;2.925,00;2.266,00;2.198,02;3.012,75;Enerji Fazlasý
2.07.2025;05:00;3.083,03;3.083,03;2.990,54;3.175,52;Enerji Açýðý
2.07.2025;06:00;2.893,93;3.000,00;2.807,11;3.090,00;Enerji Açýðý
2.07.2025;07:00;1.374,50;1.374,50;1.333,27;1.415,74;Enerji Açýðý
2.07.2025;08:00;3.200,00;3.200,00;3.104,00;3.296,00;Enerji Açýðý
2.07.2025;09:00;2.998,01;3.100,00;2.908,07;3.193,00;Enerji Açýðý
2.07.2025;10:00;1.899,99;2.747,99;1.842,99;2.830,43;Enerji Açýðý
2.07.2025;11:00;1.899,98;1.899,98;1.842,98;1.956,98;Enerji Açýðý
2.07.2025;12:00;783,27;783,27;759,77;806,77;Dengede
2.07.2025;13:00;1.899,99;1.000,00;970;1.956,99;Enerji Fazlasý
2.07.2025;14:00;2.030,01;2.948,19;1.969,11;3.036,64;Enerji Açýðý
2.07.2025;15:00;2.395,01;2.948,19;2.323,16;3.036,64;Enerji Açýðý
2.07.2025;16:00;2.926,21;1.426,21;1.383,42;3.014,00;Enerji Fazlasý
2.07.2025;17:00;2.622,23;2.632,23;2.543,56;2.711,20;Enerji Açýðý
2.07.2025;18:00;2.998,01;3.118,88;2.908,07;3.212,45;Enerji Açýðý
2.07.2025;19:00;3.360,00;3.400,00;3.259,20;3.502,00;Enerji Açýðý
2.07.2025;20:00;3.399,00;3.400,00;3.297,03;3.502,00;Enerji Açýðý
2.07.2025;21:00;3.399,00;3.400,00;3.297,03;3.502,00;Enerji Açýðý
2.07.2025;22:00;3.275,07;3.307,65;3.176,82;3.406,88;Enerji Açýðý
2.07.2025;23:00;2.994,01;3.023,20;2.904,19;3.113,90;Enerji Açýðý
3.07.2025;00:00;2.966,48;2.966,48;2.877,49;3.055,47;Enerji Açýðý
3.07.2025;01:00;2.931,10;3.118,88;2.843,17;3.212,45;Enerji Açýðý
3.07.2025;02:00;2.900,01;3.118,88;2.813,01;3.212,45;Enerji Açýðý
3.07.2025;03:00;3.115,08;3.144,27;3.021,63;3.238,60;Enerji Açýðý
3.07.2025;04:00;2.882,01;2.948,19;2.795,55;3.036,64;Enerji Açýðý
3.07.2025;05:00;2.510,10;3.118,88;2.434,80;3.212,45;Enerji Açýðý
3.07.2025;06:00;1.899,99;3.280,00;1.842,99;3.378,40;Enerji Açýðý
3.07.2025;07:00;689,57;3.160,00;668,88;3.254,80;Enerji Açýðý
3.07.2025;08:00;2.025,11;3.325,11;1.964,36;3.424,86;Enerji Açýðý
3.07.2025;09:00;1.899,99;3.350,00;1.842,99;3.450,50;Enerji Açýðý
3.07.2025;10:00;1.399,99;520;504,4;1.441,99;Enerji Fazlasý
3.07.2025;11:00;1.572,18;1.847,88;1.525,01;1.903,32;Enerji Açýðý
3.07.2025;12:00;1.050,00;650;630,5;1.081,50;Enerji Fazlasý
3.07.2025;13:00;1.750,01;650;630,5;1.802,51;Enerji Fazlasý
3.07.2025;14:00;1.899,98;500;485;1.956,98;Enerji Fazlasý
3.07.2025;15:00;1.899,98;650;630,5;1.956,98;Enerji Fazlasý
3.07.2025;16:00;2.783,63;3.118,88;2.700,12;3.212,45;Enerji Açýðý
3.07.2025;17:00;3.092,00;3.121,19;2.999,24;3.214,83;Enerji Açýðý
3.07.2025;18:00;2.500,01;3.098,00;2.425,01;3.190,94;Enerji Açýðý
3.07.2025;19:00;3.238,08;3.400,00;3.140,94;3.502,00;Enerji Açýðý
3.07.2025;20:00;3.350,00;3.400,00;3.249,50;3.502,00;Enerji Açýðý
3.07.2025;21:00;3.390,06;3.400,00;3.288,36;3.502,00;Enerji Açýðý
3.07.2025;22:00;3.232,75;3.360,00;3.135,77;3.460,80;Enerji Açýðý
3.07.2025;23:00;2.994,01;3.160,00;2.904,19;3.254,80;Enerji Açýðý
4.07.2025;00:00;3.098,38;3.129,26;3.005,43;3.223,14;Enerji Açýðý
4.07.2025;01:00;2.988,00;3.118,88;2.898,36;3.212,45;Enerji Açýðý
4.07.2025;02:00;2.888,39;3.049,00;2.801,74;3.140,47;Enerji Açýðý
4.07.2025;03:00;2.749,01;2.948,19;2.666,54;3.036,64;Enerji Açýðý
4.07.2025;04:00;2.898,00;2.898,00;2.811,06;2.984,94;Enerji Açýðý
4.07.2025;05:00;3.360,00;3.389,19;3.259,20;3.490,87;Enerji Açýðý
4.07.2025;06:00;2.988,00;3.118,88;2.898,36;3.212,45;Enerji Açýðý
4.07.2025;07:00;1.899,99;2.900,00;1.842,99;2.987,00;Enerji Açýðý
4.07.2025;08:00;3.231,64;3.260,83;3.134,69;3.358,65;Enerji Açýðý
4.07.2025;09:00;3.198,00;3.227,19;3.102,06;3.324,01;Enerji Açýðý
4.07.2025;10:00;2.500,00;2.948,19;2.425,00;3.036,64;Enerji Açýðý
4.07.2025;11:00;2.598,00;3.118,88;2.520,06;3.212,45;Enerji Açýðý
4.07.2025;12:00;1.400,00;1.400,00;1.358,00;1.442,00;Enerji Açýðý
4.07.2025;13:00;1.559,99;520;504,4;1.606,79;Enerji Fazlasý
4.07.2025;14:00;2.909,62;3.298,00;2.822,33;3.396,94;Enerji Açýðý
4.07.2025;15:00;2.872,00;3.118,88;2.785,84;3.212,45;Enerji Açýðý
4.07.2025;16:00;2.625,00;3.000,00;2.546,25;3.090,00;Enerji Açýðý
4.07.2025;17:00;2.749,00;2.948,19;2.666,53;3.036,64;Enerji Açýðý
4.07.2025;18:00;2.878,01;2.948,19;2.791,67;3.036,64;Enerji Açýðý
4.07.2025;19:00;3.238,39;3.290,58;3.141,24;3.389,30;Enerji Açýðý
4.07.2025;20:00;3.313,92;3.400,00;3.214,50;3.502,00;Enerji Açýðý
4.07.2025;21:00;3.400,00;3.400,00;3.298,00;3.502,00;Enerji Açýðý
4.07.2025;22:00;3.155,00;3.185,88;3.060,35;3.281,46;Enerji Açýðý
4.07.2025;23:00;3.078,00;3.107,19;2.985,66;3.200,41;Enerji Açýðý
5.07.2025;00:00;3.092,00;3.121,19;2.999,24;3.214,83;Enerji Açýðý
5.07.2025;01:00;3.038,38;3.118,88;2.947,23;3.212,45;Enerji Açýðý
5.07.2025;02:00;2.990,98;3.236,00;2.901,25;3.333,08;Enerji Açýðý
5.07.2025;03:00;3.043,17;3.290,58;2.951,87;3.389,30;Enerji Açýðý
5.07.2025;04:00;2.700,00;3.236,00;2.619,00;3.333,08;Enerji Açýðý
5.07.2025;05:00;3.072,55;3.072,55;2.980,37;3.164,73;Enerji Açýðý
5.07.2025;06:00;2.985,01;1.736,00;1.683,92;3.074,56;Enerji Fazlasý
5.07.2025;07:00;1.999,99;1.999,99;1.939,99;2.059,99;Enerji Açýðý
5.07.2025;08:00;3.092,01;600;582;3.184,77;Enerji Fazlasý
5.07.2025;09:00;3.137,21;520;504,4;3.231,33;Enerji Fazlasý
5.07.2025;10:00;2.888,89;520;504,4;2.975,56;Enerji Fazlasý
5.07.2025;11:00;1.899,91;520;504,4;1.956,91;Enerji Fazlasý
5.07.2025;12:00;1.500,01;520;504,4;1.545,01;Enerji Fazlasý
5.07.2025;13:00;1.897,99;1.568,99;1.521,92;1.954,93;Enerji Fazlasý
5.07.2025;14:00;1.684,99;1.355,99;1.315,31;1.735,54;Enerji Fazlasý
5.07.2025;15:00;1.898,00;650;630,5;1.954,94;Enerji Fazlasý
5.07.2025;16:00;2.807,30;650;630,5;2.891,52;Enerji Fazlasý
5.07.2025;17:00;2.599,99;2.599,99;2.521,99;2.677,99;Enerji Açýðý
5.07.2025;18:00;3.092,01;2.763,01;2.680,12;3.184,77;Enerji Fazlasý
5.07.2025;19:00;3.359,99;3.400,00;3.259,19;3.502,00;Enerji Açýðý
5.07.2025;20:00;3.363,13;3.400,00;3.262,24;3.502,00;Enerji Açýðý
5.07.2025;21:00;3.359,99;3.400,00;3.259,19;3.502,00;Enerji Açýðý
5.07.2025;22:00;3.098,38;2.500,38;2.425,37;3.191,33;Enerji Fazlasý
5.07.2025;23:00;3.090,00;2.255,00;2.187,35;3.182,70;Enerji Fazlasý
6.07.2025;00:00;3.180,72;2.197,00;2.131,09;3.276,14;Enerji Fazlasý
6.07.2025;01:00;3.100,00;2.197,00;2.131,09;3.193,00;Enerji Fazlasý
6.07.2025;02:00;3.058,70;2.197,00;2.131,09;3.150,46;Enerji Fazlasý
6.07.2025;03:00;2.710,11;2.401,00;2.328,97;2.791,41;Enerji Fazlasý
6.07.2025;04:00;2.924,99;2.401,00;2.328,97;3.012,74;Enerji Fazlasý
6.07.2025;05:00;2.940,54;2.440,00;2.366,80;3.028,76;Enerji Fazlasý
6.07.2025;06:00;3.059,99;2.560,00;2.483,20;3.151,79;Enerji Fazlasý
6.07.2025;07:00;1.899,90;2.000,00;1.842,90;2.060,00;Enerji Açýðý
6.07.2025;08:00;1.343,10;5;4,85;1.383,39;Enerji Fazlasý
6.07.2025;09:00;511,02;940,02;495,69;968,22;Enerji Açýðý
6.07.2025;10:00;390;390;378,3;401,7;Dengede
6.07.2025;11:00;250;10;9,7;257,5;Enerji Fazlasý
6.07.2025;12:00;151,01;0;0;155,54;Enerji Fazlasý
6.07.2025;13:00;390;1.290,00;378,3;1.328,70;Enerji Açýðý
6.07.2025;14:00;750;1.400,00;727,5;1.442,00;Enerji Açýðý
6.07.2025;15:00;1.385,01;1.385,01;1.343,46;1.426,56;Enerji Açýðý
6.07.2025;16:00;1.899,89;1.899,89;1.842,89;1.956,89;Enerji Açýðý
6.07.2025;17:00;1.999,99;3.000,00;1.939,99;3.090,00;Enerji Açýðý
6.07.2025;18:00;3.150,01;3.400,00;3.055,51;3.502,00;Enerji Açýðý
6.07.2025;19:00;3.300,01;3.400,00;3.201,01;3.502,00;Enerji Açýðý
6.07.2025;20:00;3.385,00;3.400,00;3.283,45;3.502,00;Enerji Açýðý
6.07.2025;21:00;3.399,54;3.400,00;3.297,55;3.502,00;Enerji Açýðý
6.07.2025;22:00;3.300,01;3.400,00;3.201,01;3.502,00;Enerji Açýðý
6.07.2025;23:00;3.200,00;3.400,00;3.104,00;3.502,00;Enerji Açýðý
7.07.2025;00:00;3.241,70;3.400,00;3.144,45;3.502,00;Enerji Açýðý
7.07.2025;01:00;3.157,00;3.350,00;3.062,29;3.450,50;Enerji Açýðý
7.07.2025;02:00;2.777,01;3.118,88;2.693,70;3.212,45;Enerji Açýðý
7.07.2025;03:00;2.950,00;3.118,88;2.861,50;3.212,45;Enerji Açýðý
7.07.2025;04:00;2.999,00;3.118,88;2.909,03;3.212,45;Enerji Açýðý
7.07.2025;05:00;2.777,01;3.100,00;2.693,70;3.193,00;Enerji Açýðý
7.07.2025;06:00;2.299,00;1.736,00;1.683,92;2.367,97;Enerji Fazlasý
7.07.2025;07:00;1.899,99;1.500,00;1.455,00;1.956,99;Enerji Fazlasý
7.07.2025;08:00;2.999,00;3.200,00;2.909,03;3.296,00;Enerji Açýðý
7.07.2025;09:00;3.157,01;3.400,00;3.062,30;3.502,00;Enerji Açýðý
7.07.2025;10:00;2.777,01;3.400,00;2.693,70;3.502,00;Enerji Açýðý
7.07.2025;11:00;2.800,00;3.400,00;2.716,00;3.502,00;Enerji Açýðý
7.07.2025;12:00;1.999,98;3.400,00;1.939,98;3.502,00;Enerji Açýðý
7.07.2025;13:00;2.747,01;3.400,00;2.664,60;3.502,00;Enerji Açýðý
7.07.2025;14:00;2.777,01;3.400,00;2.693,70;3.502,00;Enerji Açýðý
7.07.2025;15:00;3.084,01;3.400,00;2.991,49;3.502,00;Enerji Açýðý
7.07.2025;16:00;3.241,70;3.400,00;3.144,45;3.502,00;Enerji Açýðý
7.07.2025;17:00;3.399,54;3.400,00;3.297,55;3.502,00;Enerji Açýðý
7.07.2025;18:00;3.357,00;3.400,00;3.256,29;3.502,00;Enerji Açýðý
7.07.2025;19:00;3.399,55;3.400,00;3.297,56;3.502,00;Enerji Açýðý
7.07.2025;20:00;3.399,55;3.400,00;3.297,56;3.502,00;Enerji Açýðý
7.07.2025;21:00;3.399,55;3.400,00;3.297,56;3.502,00;Enerji Açýðý
7.07.2025;22:00;3.399,54;3.400,00;3.297,55;3.502,00;Enerji Açýðý
7.07.2025;23:00;3.357,00;3.400,00;3.256,29;3.502,00;Enerji Açýðý
8.07.2025;00:00;3.233,00;3.400,00;3.136,01;3.502,00;Enerji Açýðý
8.07.2025;01:00;3.155,47;3.400,00;3.060,81;3.502,00;Enerji Açýðý
8.07.2025;02:00;3.058,60;3.400,00;2.966,84;3.502,00;Enerji Açýðý
8.07.2025;03:00;3.233,01;3.400,00;3.136,02;3.502,00;Enerji Açýðý
8.07.2025;04:00;3.129,99;3.400,00;3.036,09;3.502,00;Enerji Açýðý
8.07.2025;05:00;3.149,00;3.400,00;3.054,53;3.502,00;Enerji Açýðý
8.07.2025;06:00;3.032,45;3.350,00;2.941,48;3.450,50;Enerji Açýðý
8.07.2025;07:00;2.744,78;2.744,78;2.662,44;2.827,12;Enerji Açýðý
8.07.2025;08:00;3.199,99;3.290,58;3.103,99;3.389,30;Enerji Açýðý
8.07.2025;09:00;3.090,01;3.400,00;2.997,31;3.502,00;Enerji Açýðý
8.07.2025;10:00;2.744,78;3.400,00;2.662,44;3.502,00;Enerji Açýðý
8.07.2025;11:00;2.616,00;3.400,00;2.537,52;3.502,00;Enerji Açýðý
8.07.2025;12:00;2.079,99;3.000,00;2.017,59;3.090,00;Enerji Açýðý
8.07.2025;13:00;2.655,78;3.050,00;2.576,11;3.141,50;Enerji Açýðý
8.07.2025;14:00;3.130,00;3.400,00;3.036,10;3.502,00;Enerji Açýðý
8.07.2025;15:00;3.149,00;3.400,00;3.054,53;3.502,00;Enerji Açýðý
8.07.2025;16:00;3.350,01;3.400,00;3.249,51;3.502,00;Enerji Açýðý
8.07.2025;17:00;3.399,54;3.400,00;3.297,55;3.502,00;Enerji Açýðý
8.07.2025;18:00;3.399,54;3.400,00;3.297,55;3.502,00;Enerji Açýðý
8.07.2025;19:00;3.400,00;3.400,00;3.298,00;3.502,00;Enerji Açýðý
8.07.2025;20:00;3.400,00;3.400,00;3.298,00;3.502,00;Enerji Açýðý
8.07.2025;21:00;3.400,00;3.400,00;3.298,00;3.502,00;Enerji Açýðý
8.07.2025;22:00;3.400,00;3.400,00;3.298,00;3.502,00;Enerji Açýðý
8.07.2025;23:00;3.399,54;3.400,00;3.297,55;3.502,00;Enerji Açýðý
9.07.2025;00:00;3.399,55;3.400,00;3.297,56;3.502,00;Enerji Açýðý
9.07.2025;01:00;3.399,54;3.400,00;3.297,55;3.502,00;Enerji Açýðý
9.07.2025;02:00;3.360,00;3.400,00;3.259,20;3.502,00;Enerji Açýðý
9.07.2025;03:00;3.399,54;3.400,00;3.297,55;3.502,00;Enerji Açýðý
9.07.2025;04:00;3.399,54;3.400,00;3.297,55;3.502,00;Enerji Açýðý
9.07.2025;05:00;3.399,54;3.400,00;3.297,55;3.502,00;Enerji Açýðý
9.07.2025;06:00;3.280,00;2.207,00;2.140,79;3.378,40;Enerji Fazlasý
9.07.2025;07:00;2.826,20;2.161,00;2.096,17;2.910,99;Enerji Fazlasý
9.07.2025;08:00;2.990,99;3.000,00;2.901,26;3.090,00;Enerji Açýðý
9.07.2025;09:00;3.200,00;3.300,00;3.104,00;3.399,00;Enerji Açýðý
9.07.2025;10:00;2.850,01;3.000,00;2.764,51;3.090,00;Enerji Açýðý
9.07.2025;11:00;3.089,01;3.100,00;2.996,34;3.193,00;Enerji Açýðý
9.07.2025;12:00;2.744,01;1.052,00;1.020,44;2.826,33;Enerji Fazlasý
9.07.2025;13:00;2.896,01;2.219,00;2.152,43;2.982,89;Enerji Fazlasý
9.07.2025;14:00;3.149,77;3.349,77;3.055,28;3.450,26;Enerji Açýðý
9.07.2025;15:00;2.990,99;3.400,00;2.901,26;3.502,00;Enerji Açýðý
9.07.2025;16:00;3.359,99;3.400,00;3.259,19;3.502,00;Enerji Açýðý
9.07.2025;17:00;3.399,55;3.400,00;3.297,56;3.502,00;Enerji Açýðý
9.07.2025;18:00;3.399,55;3.400,00;3.297,56;3.502,00;Enerji Açýðý
9.07.2025;19:00;3.400,00;3.400,00;3.298,00;3.502,00;Enerji Açýðý
9.07.2025;20:00;3.400,00;3.400,00;3.298,00;3.502,00;Enerji Açýðý
9.07.2025;21:00;3.400,00;3.400,00;3.298,00;3.502,00;Enerji Açýðý
9.07.2025;22:00;3.400,00;3.400,00;3.298,00;3.502,00;Enerji Açýðý
9.07.2025;23:00;3.399,55;3.400,00;3.297,56;3.502,00;Enerji Açýðý
10.07.2025;00:00;3.400,00;3.400,00;3.298,00;3.502,00;Enerji Açýðý
10.07.2025;01:00;3.399,54;3.400,00;3.297,55;3.502,00;Enerji Açýðý
10.07.2025;02:00;3.200,00;3.350,00;3.104,00;3.450,50;Enerji Açýðý
10.07.2025;03:00;3.150,01;3.250,00;3.055,51;3.347,50;Enerji Açýðý
10.07.2025;04:00;2.920,00;3.100,00;2.832,40;3.193,00;Enerji Açýðý
10.07.2025;05:00;2.498,01;3.300,00;2.423,07;3.399,00;Enerji Açýðý
10.07.2025;06:00;2.616,00;3.300,00;2.537,52;3.399,00;Enerji Açýðý
10.07.2025;07:00;2.350,01;2.919,00;2.279,51;3.006,57;Enerji Açýðý
10.07.2025;08:00;3.250,01;3.280,00;3.152,51;3.378,40;Enerji Açýðý
10.07.2025;09:00;3.164,06;3.300,00;3.069,14;3.399,00;Enerji Açýðý
10.07.2025;10:00;2.999,00;3.300,00;2.909,03;3.399,00;Enerji Açýðý
10.07.2025;11:00;2.741,01;3.400,00;2.658,78;3.502,00;Enerji Açýðý
10.07.2025;12:00;1.399,99;3.400,00;1.357,99;3.502,00;Enerji Açýðý
10.07.2025;13:00;2.741,00;3.400,00;2.658,77;3.502,00;Enerji Açýðý
10.07.2025;14:00;3.114,23;3.370,00;3.020,80;3.471,10;Enerji Açýðý
10.07.2025;15:00;2.998,01;3.370,00;2.908,07;3.471,10;Enerji Açýðý
10.07.2025;16:00;2.980,31;3.400,00;2.890,90;3.502,00;Enerji Açýðý
10.07.2025;17:00;2.880,00;3.400,00;2.793,60;3.502,00;Enerji Açýðý
10.07.2025;18:00;3.190,01;3.400,00;3.094,31;3.502,00;Enerji Açýðý
10.07.2025;19:00;3.399,54;3.400,00;3.297,55;3.502,00;Enerji Açýðý
10.07.2025;20:00;3.399,54;3.400,00;3.297,55;3.502,00;Enerji Açýðý
10.07.2025;21:00;3.399,55;3.400,00;3.297,56;3.502,00;Enerji Açýðý
10.07.2025;22:00;3.331,01;3.370,00;3.231,08;3.471,10;Enerji Açýðý
10.07.2025;23:00;2.793,00;3.400,00;2.709,21;3.502,00;Enerji Açýðý
11.07.2025;00:00;3.372,34;3.372,34;3.271,17;3.473,51;Enerji Açýðý
11.07.2025;01:00;3.200,00;3.300,00;3.104,00;3.399,00;Enerji Açýðý
11.07.2025;02:00;2.997,02;3.118,88;2.907,11;3.212,45;Enerji Açýðý
11.07.2025;03:00;2.987,00;2.231,00;2.164,07;3.076,61;Enerji Fazlasý
11.07.2025;04:00;2.987,00;2.232,00;2.165,04;3.076,61;Enerji Fazlasý
11.07.2025;05:00;3.150,00;3.180,88;3.055,50;3.276,31;Enerji Açýðý
11.07.2025;06:00;2.800,01;2.800,01;2.716,01;2.884,01;Enerji Açýðý
11.07.2025;07:00;1.719,99;2.948,19;1.668,39;3.036,64;Enerji Açýðý
11.07.2025;08:00;3.350,01;3.400,00;3.249,51;3.502,00;Enerji Açýðý
11.07.2025;09:00;3.173,02;3.400,00;3.077,83;3.502,00;Enerji Açýðý
11.07.2025;10:00;2.880,00;3.200,00;2.793,60;3.296,00;Enerji Açýðý
11.07.2025;11:00;2.970,00;3.000,00;2.880,90;3.090,00;Enerji Açýðý
11.07.2025;12:00;1.719,99;1.719,99;1.668,39;1.771,59;Dengede
11.07.2025;13:00;1.900,00;2.500,00;1.843,00;2.575,00;Enerji Açýðý
11.07.2025;14:00;3.125,01;3.125,01;3.031,26;3.218,76;Enerji Açýðý
11.07.2025;15:00;3.125,00;3.250,00;3.031,25;3.347,50;Enerji Açýðý
11.07.2025;16:00;3.000,00;3.400,00;2.910,00;3.502,00;Enerji Açýðý
11.07.2025;17:00;3.125,00;3.400,00;3.031,25;3.502,00;Enerji Açýðý
11.07.2025;18:00;2.498,01;3.400,00;2.423,07;3.502,00;Enerji Açýðý
11.07.2025;19:00;3.300,01;3.400,00;3.201,01;3.502,00;Enerji Açýðý
11.07.2025;20:00;3.399,54;3.400,00;3.297,55;3.502,00;Enerji Açýðý
11.07.2025;21:00;3.399,55;3.400,00;3.297,56;3.502,00;Enerji Açýðý
11.07.2025;22:00;3.388,33;3.400,00;3.286,68;3.502,00;Enerji Açýðý
11.07.2025;23:00;3.200,01;3.400,00;3.104,01;3.502,00;Enerji Açýðý
12.07.2025;00:00;3.360,00;3.400,00;3.259,20;3.502,00;Enerji Açýðý
12.07.2025;01:00;3.299,99;3.400,00;3.200,99;3.502,00;Enerji Açýðý
12.07.2025;02:00;3.150,00;3.400,00;3.055,50;3.502,00;Enerji Açýðý
12.07.2025;03:00;2.787,77;3.400,00;2.704,14;3.502,00;Enerji Açýðý
12.07.2025;04:00;3.050,77;3.400,00;2.959,25;3.502,00;Enerji Açýðý
12.07.2025;05:00;3.200,00;3.400,00;3.104,00;3.502,00;Enerji Açýðý
12.07.2025;06:00;3.399,45;3.400,00;3.297,47;3.502,00;Enerji Açýðý
12.07.2025;07:00;2.998,01;3.290,58;2.908,07;3.389,30;Enerji Açýðý
12.07.2025;08:00;2.900,00;3.118,88;2.813,00;3.212,45;Enerji Açýðý
12.07.2025;09:00;1.900,00;3.400,00;1.843,00;3.502,00;Enerji Açýðý
12.07.2025;10:00;1.399,99;2.948,19;1.357,99;3.036,64;Enerji Açýðý
12.07.2025;11:00;1.399,99;2.000,00;1.357,99;2.060,00;Enerji Açýðý
12.07.2025;12:00;1.385,00;1.885,00;1.343,45;1.941,55;Enerji Açýðý
12.07.2025;13:00;1.400,00;2.000,01;1.358,00;2.060,01;Enerji Açýðý
12.07.2025;14:00;1.500,02;2.948,19;1.455,02;3.036,64;Enerji Açýðý
12.07.2025;15:00;1.578,56;2.007,56;1.531,20;2.067,79;Enerji Açýðý
12.07.2025;16:00;1.940,10;3.400,00;1.881,90;3.502,00;Enerji Açýðý
12.07.2025;17:00;3.000,00;3.400,00;2.910,00;3.502,00;Enerji Açýðý
12.07.2025;18:00;2.990,00;3.400,00;2.900,30;3.502,00;Enerji Açýðý
12.07.2025;19:00;3.348,47;3.400,00;3.248,02;3.502,00;Enerji Açýðý
12.07.2025;20:00;3.399,45;3.400,00;3.297,47;3.502,00;Enerji Açýðý
12.07.2025;21:00;3.399,45;3.400,00;3.297,47;3.502,00;Enerji Açýðý
12.07.2025;22:00;3.143,80;3.400,00;3.049,49;3.502,00;Enerji Açýðý
12.07.2025;23:00;2.913,63;3.360,00;2.826,22;3.460,80;Enerji Açýðý
13.07.2025;00:00;3.300,00;3.360,00;3.201,00;3.460,80;Enerji Açýðý
13.07.2025;01:00;3.299,99;3.400,00;3.200,99;3.502,00;Enerji Açýðý
13.07.2025;02:00;3.198,10;3.400,00;3.102,16;3.502,00;Enerji Açýðý
13.07.2025;03:00;3.050,00;3.370,00;2.958,50;3.471,10;Enerji Açýðý
13.07.2025;04:00;2.919,99;3.390,00;2.832,39;3.491,70;Enerji Açýðý
13.07.2025;05:00;2.603,64;3.370,00;2.525,53;3.471,10;Enerji Açýðý
13.07.2025;06:00;3.180,01;3.210,89;3.084,61;3.307,22;Enerji Açýðý
13.07.2025;07:00;2.200,00;650;630,5;2.266,00;Enerji Fazlasý
13.07.2025;08:00;1.015,10;1,1;1,07;1.045,55;Enerji Fazlasý
13.07.2025;09:00;1.343,10;1;0,97;1.383,39;Enerji Fazlasý
13.07.2025;10:00;532,39;1;0,97;548,36;Enerji Fazlasý
13.07.2025;11:00;251,01;0;0;258,54;Enerji Fazlasý
13.07.2025;12:00;300;0;0;309;Enerji Fazlasý
13.07.2025;13:00;1.000,00;671;650,87;1.030,00;Enerji Fazlasý
13.07.2025;14:00;501,01;1,1;1,07;516,04;Enerji Fazlasý
13.07.2025;15:00;500;1,4;1,36;515;Enerji Fazlasý
13.07.2025;16:00;1.599,99;1.599,99;1.551,99;1.647,99;Enerji Açýðý
13.07.2025;17:00;2.770,16;650;630,5;2.853,26;Enerji Fazlasý
13.07.2025;18:00;3.339,98;3.372,56;3.239,78;3.473,74;Enerji Açýðý
13.07.2025;19:00;3.399,46;3.400,00;3.297,48;3.502,00;Enerji Açýðý
13.07.2025;20:00;3.400,00;3.400,00;3.298,00;3.502,00;Enerji Açýðý
13.07.2025;21:00;3.399,99;3.400,00;3.297,99;3.502,00;Enerji Açýðý
13.07.2025;22:00;3.399,45;3.400,00;3.297,47;3.502,00;Enerji Açýðý
13.07.2025;23:00;3.299,99;3.400,00;3.200,99;3.502,00;Enerji Açýðý
14.07.2025;00:00;3.130,00;3.399,00;3.036,10;3.500,97;Enerji Açýðý
14.07.2025;01:00;2.900,01;3.348,00;2.813,01;3.448,44;Enerji Açýðý
14.07.2025;02:00;2.842,52;3.118,88;2.757,24;3.212,45;Enerji Açýðý
14.07.2025;03:00;2.898,01;3.118,88;2.811,07;3.212,45;Enerji Açýðý
14.07.2025;04:00;3.060,59;3.118,88;2.968,77;3.212,45;Enerji Açýðý
14.07.2025;05:00;2.919,99;3.398,00;2.832,39;3.499,94;Enerji Açýðý
14.07.2025;06:00;2.274,99;2.955,12;2.206,74;3.043,77;Enerji Açýðý
14.07.2025;07:00;1.399,99;1.000,00;970;1.441,99;Enerji Fazlasý
14.07.2025;08:00;3.319,99;3.098,00;3.005,06;3.419,59;Enerji Fazlasý
14.07.2025;09:00;3.299,99;3.330,87;3.200,99;3.430,80;Enerji Açýðý
14.07.2025;10:00;2.956,02;2.985,21;2.867,34;3.074,77;Enerji Açýðý
14.07.2025;11:00;2.599,00;3.118,88;2.521,03;3.212,45;Enerji Açýðý
14.07.2025;12:00;1.379,79;700;679;1.421,18;Enerji Fazlasý
14.07.2025;13:00;2.790,01;3.290,58;2.706,31;3.389,30;Enerji Açýðý
14.07.2025;14:00;3.188,88;3.300,00;3.093,21;3.399,00;Enerji Açýðý
14.07.2025;15:00;2.600,00;3.300,00;2.522,00;3.399,00;Enerji Açýðý
14.07.2025;16:00;3.177,49;3.208,37;3.082,17;3.304,62;Enerji Açýðý
14.07.2025;17:00;3.200,01;3.400,00;3.104,01;3.502,00;Enerji Açýðý
14.07.2025;18:00;3.399,45;3.400,00;3.297,47;3.502,00;Enerji Açýðý
14.07.2025;19:00;3.399,46;3.400,00;3.297,48;3.502,00;Enerji Açýðý
14.07.2025;20:00;3.399,46;3.400,00;3.297,48;3.502,00;Enerji Açýðý
14.07.2025;21:00;3.399,45;3.400,00;3.297,47;3.502,00;Enerji Açýðý
14.07.2025;22:00;3.099,01;3.099,01;3.006,04;3.191,98;Enerji Açýðý
14.07.2025;23:00;2.850,00;2.850,00;2.764,50;2.935,50;Enerji Fazlasý
15.07.2025;00:00;3.230,00;3.280,00;3.133,10;3.378,40;Enerji Açýðý
15.07.2025;01:00;3.155,00;3.344,00;3.060,35;3.444,32;Enerji Açýðý
15.07.2025;02:00;2.910,11;3.150,00;2.822,81;3.244,50;Enerji Açýðý
15.07.2025;03:00;2.919,99;2.919,99;2.832,39;3.007,59;Enerji Açýðý
15.07.2025;04:00;2.783,64;3.290,58;2.700,13;3.389,30;Enerji Açýðý
15.07.2025;05:00;2.932,01;3.400,00;2.844,05;3.502,00;Enerji Açýðý
15.07.2025;06:00;2.843,00;3.118,88;2.757,71;3.212,45;Enerji Açýðý
15.07.2025;07:00;1.399,99;3.118,88;1.357,99;3.212,45;Enerji Açýðý
15.07.2025;08:00;1.599,98;650;630,5;1.647,98;Enerji Fazlasý
15.07.2025;09:00;1.599,98;1.000,00;970;1.647,98;Enerji Fazlasý
15.07.2025;10:00;1.401,00;2.063,30;1.358,97;2.125,20;Enerji Açýðý
15.07.2025;11:00;1.600,00;2.000,01;1.552,00;2.060,01;Enerji Açýðý
15.07.2025;12:00;999,99;2.000,00;969,99;2.060,00;Enerji Açýðý
15.07.2025;13:00;1.599,97;3.200,00;1.551,97;3.296,00;Enerji Açýðý
15.07.2025;14:00;1.900,00;3.400,00;1.843,00;3.502,00;Enerji Açýðý
15.07.2025;15:00;2.340,00;3.400,00;2.269,80;3.502,00;Enerji Açýðý
15.07.2025;16:00;2.999,99;3.400,00;2.909,99;3.502,00;Enerji Açýðý
15.07.2025;17:00;2.919,99;3.400,00;2.832,39;3.502,00;Enerji Açýðý
15.07.2025;18:00;2.700,00;3.400,00;2.619,00;3.502,00;Enerji Açýðý
15.07.2025;19:00;3.360,00;3.400,00;3.259,20;3.502,00;Enerji Açýðý
15.07.2025;20:00;3.399,45;3.400,00;3.297,47;3.502,00;Enerji Açýðý
15.07.2025;21:00;3.399,45;3.400,00;3.297,47;3.502,00;Enerji Açýðý
15.07.2025;22:00;3.223,00;3.360,00;3.126,31;3.460,80;Enerji Açýðý
15.07.2025;23:00;3.064,00;2.254,00;2.186,38;3.155,92;Enerji Fazlasý
16.07.2025;00:00;3.300,00;2.207,00;2.140,79;3.399,00;Enerji Fazlasý
16.07.2025;01:00;3.200,01;2.207,00;2.140,79;3.296,01;Enerji Fazlasý
16.07.2025;02:00;3.100,01;2.207,00;2.140,79;3.193,01;Enerji Fazlasý
16.07.2025;03:00;3.000,00;2.255,00;2.187,35;3.090,00;Enerji Fazlasý
16.07.2025;04:00;2.926,21;2.256,00;2.188,32;3.014,00;Enerji Fazlasý
16.07.2025;05:00;2.919,99;2.257,00;2.189,29;3.007,59;Enerji Fazlasý
16.07.2025;06:00;2.906,60;2.207,00;2.140,79;2.993,80;Enerji Fazlasý
16.07.2025;07:00;2.419,99;3.057,00;2.347,39;3.148,71;Enerji Açýðý
16.07.2025;08:00;3.000,08;3.400,00;2.910,08;3.502,00;Enerji Açýðý
16.07.2025;09:00;3.181,96;3.400,00;3.086,50;3.502,00;Enerji Açýðý
16.07.2025;10:00;3.170,01;3.400,00;3.074,91;3.502,00;Enerji Açýðý
16.07.2025;11:00;2.600,00;3.400,00;2.522,00;3.502,00;Enerji Açýðý
16.07.2025;12:00;2.438,38;3.400,00;2.365,23;3.502,00;Enerji Açýðý
16.07.2025;13:00;3.098,39;3.400,00;3.005,44;3.502,00;Enerji Açýðý
16.07.2025;14:00;3.281,96;3.400,00;3.183,50;3.502,00;Enerji Açýðý
16.07.2025;15:00;3.094,27;3.400,00;3.001,44;3.502,00;Enerji Açýðý
16.07.2025;16:00;3.281,97;3.400,00;3.183,51;3.502,00;Enerji Açýðý
16.07.2025;17:00;3.359,99;3.400,00;3.259,19;3.502,00;Enerji Açýðý
16.07.2025;18:00;3.300,00;3.400,00;3.201,00;3.502,00;Enerji Açýðý
16.07.2025;19:00;3.400,00;3.400,00;3.298,00;3.502,00;Enerji Açýðý
16.07.2025;20:00;3.399,45;3.400,00;3.297,47;3.502,00;Enerji Açýðý
16.07.2025;21:00;3.399,46;3.400,00;3.297,48;3.502,00;Enerji Açýðý
16.07.2025;22:00;3.400,00;3.400,00;3.298,00;3.502,00;Enerji Açýðý
16.07.2025;23:00;3.342,00;3.400,00;3.241,74;3.502,00;Enerji Açýðý
17.07.2025;00:00;3.399,46;3.400,00;3.297,48;3.502,00;Enerji Açýðý
17.07.2025;01:00;3.338,38;3.400,00;3.238,23;3.502,00;Enerji Açýðý
17.07.2025;02:00;3.300,00;3.300,00;3.201,00;3.399,00;Enerji Açýðý
17.07.2025;03:00;3.300,00;3.400,00;3.201,00;3.502,00;Enerji Açýðý
17.07.2025;04:00;3.295,39;2.277,00;2.208,69;3.394,25;Enerji Fazlasý
17.07.2025;05:00;3.338,38;3.338,38;3.238,23;3.438,53;Enerji Açýðý
17.07.2025;06:00;3.246,04;2.277,00;2.208,69;3.343,42;Enerji Fazlasý
17.07.2025;07:00;2.950,00;2.011,00;1.950,67;3.038,50;Enerji Fazlasý
17.07.2025;08:00;3.356,08;3.400,00;3.255,40;3.502,00;Enerji Açýðý
17.07.2025;09:00;3.355,01;3.400,00;3.254,36;3.502,00;Enerji Açýðý
17.07.2025;10:00;3.202,97;3.400,00;3.106,88;3.502,00;Enerji Açýðý
17.07.2025;11:00;3.068,00;3.400,00;2.975,96;3.502,00;Enerji Açýðý
17.07.2025;12:00;2.900,00;3.400,00;2.813,00;3.502,00;Enerji Açýðý
17.07.2025;13:00;3.144,25;3.400,00;3.049,92;3.502,00;Enerji Açýðý
17.07.2025;14:00;3.200,00;3.400,00;3.104,00;3.502,00;Enerji Açýðý
17.07.2025;15:00;3.200,01;3.400,00;3.104,01;3.502,00;Enerji Açýðý
17.07.2025;16:00;3.359,99;3.400,00;3.259,19;3.502,00;Enerji Açýðý
17.07.2025;17:00;3.400,00;3.400,00;3.298,00;3.502,00;Enerji Açýðý
17.07.2025;18:00;3.400,00;3.400,00;3.298,00;3.502,00;Enerji Açýðý
17.07.2025;19:00;3.400,00;3.400,00;3.298,00;3.502,00;Enerji Açýðý
17.07.2025;20:00;3.400,00;3.400,00;3.298,00;3.502,00;Enerji Açýðý
17.07.2025;21:00;3.400,00;3.400,00;3.298,00;3.502,00;Enerji Açýðý
17.07.2025;22:00;3.400,00;3.400,00;3.298,00;3.502,00;Enerji Açýðý
17.07.2025;23:00;3.400,00;3.400,00;3.298,00;3.502,00;Enerji Açýðý
18.07.2025;00:00;3.400,00;3.400,00;3.298,00;3.502,00;Enerji Açýðý
18.07.2025;01:00;3.378,10;3.400,00;3.276,76;3.502,00;Enerji Açýðý
18.07.2025;02:00;3.298,39;3.400,00;3.199,44;3.502,00;Enerji Açýðý
18.07.2025;03:00;3.200,00;3.400,00;3.104,00;3.502,00;Enerji Açýðý
18.07.2025;04:00;3.359,99;3.400,00;3.259,19;3.502,00;Enerji Açýðý
18.07.2025;05:00;3.344,24;3.400,00;3.243,91;3.502,00;Enerji Açýðý
18.07.2025;06:00;3.198,11;3.400,00;3.102,17;3.502,00;Enerji Açýðý
18.07.2025;07:00;2.980,01;3.300,00;2.890,61;3.399,00;Enerji Açýðý
18.07.2025;08:00;3.359,01;3.400,00;3.258,24;3.502,00;Enerji Açýðý
18.07.2025;09:00;3.320,00;3.400,00;3.220,40;3.502,00;Enerji Açýðý
18.07.2025;10:00;3.199,86;3.400,00;3.103,86;3.502,00;Enerji Açýðý
18.07.2025;11:00;3.000,00;3.400,00;2.910,00;3.502,00;Enerji Açýðý
18.07.2025;12:00;2.660,00;3.157,00;2.580,20;3.251,71;Enerji Açýðý
18.07.2025;13:00;2.780,00;3.200,00;2.696,60;3.296,00;Enerji Açýðý
18.07.2025;14:00;3.129,99;3.400,00;3.036,09;3.502,00;Enerji Açýðý
18.07.2025;15:00;3.092,01;3.400,00;2.999,25;3.502,00;Enerji Açýðý
18.07.2025;16:00;3.298,38;3.400,00;3.199,43;3.502,00;Enerji Açýðý
18.07.2025;17:00;3.400,00;3.400,00;3.298,00;3.502,00;Enerji Açýðý
18.07.2025;18:00;3.400,00;3.400,00;3.298,00;3.502,00;Enerji Açýðý
18.07.2025;19:00;3.400,00;3.400,00;3.298,00;3.502,00;Enerji Açýðý
18.07.2025;20:00;3.400,00;3.400,00;3.298,00;3.502,00;Enerji Açýðý
18.07.2025;21:00;3.400,00;3.400,00;3.298,00;3.502,00;Enerji Açýðý
18.07.2025;22:00;3.400,00;3.400,00;3.298,00;3.502,00;Enerji Açýðý
18.07.2025;23:00;3.360,31;3.400,00;3.259,50;3.502,00;Enerji Açýðý
19.07.2025;00:00;3.400,00;3.400,00;3.298,00;3.502,00;Enerji Açýðý
19.07.2025;01:00;3.320,00;2.822,00;2.737,34;3.419,60;Enerji Fazlasý
19.07.2025;02:00;3.200,00;3.360,00;3.104,00;3.460,80;Enerji Açýðý
19.07.2025;03:00;3.299,87;2.255,00;2.187,35;3.398,87;Enerji Fazlasý
19.07.2025;04:00;3.301,00;2.256,00;2.188,32;3.400,03;Enerji Fazlasý
19.07.2025;05:00;3.129,99;2.830,00;2.745,10;3.223,89;Enerji Fazlasý
19.07.2025;06:00;2.994,86;2.994,86;2.905,01;3.084,71;Dengede
19.07.2025;07:00;2.538,39;3.118,88;2.462,24;3.212,45;Enerji Açýðý
19.07.2025;08:00;3.180,01;2.500,00;2.425,00;3.275,41;Enerji Fazlasý
19.07.2025;09:00;3.198,44;3.200,00;3.102,49;3.296,00;Enerji Açýðý
19.07.2025;10:00;2.876,16;3.200,00;2.789,88;3.296,00;Enerji Açýðý
19.07.2025;11:00;2.395,01;3.200,00;2.323,16;3.296,00;Enerji Açýðý
19.07.2025;12:00;1.719,99;3.200,00;1.668,39;3.296,00;Enerji Açýðý
19.07.2025;13:00;2.538,38;3.200,00;2.462,23;3.296,00;Enerji Açýðý
19.07.2025;14:00;2.538,39;3.200,00;2.462,24;3.296,00;Enerji Açýðý
19.07.2025;15:00;2.538,38;3.200,00;2.462,23;3.296,00;Enerji Açýðý
19.07.2025;16:00;2.902,00;3.200,00;2.814,94;3.296,00;Enerji Açýðý
19.07.2025;17:00;3.077,01;3.360,00;2.984,70;3.460,80;Enerji Açýðý
19.07.2025;18:00;3.200,00;3.400,00;3.104,00;3.502,00;Enerji Açýðý
19.07.2025;19:00;3.400,00;3.400,00;3.298,00;3.502,00;Enerji Açýðý
19.07.2025;20:00;3.400,00;3.400,00;3.298,00;3.502,00;Enerji Açýðý
19.07.2025;21:00;3.400,00;3.400,00;3.298,00;3.502,00;Enerji Açýðý
19.07.2025;22:00;3.400,00;3.400,00;3.298,00;3.502,00;Enerji Açýðý
19.07.2025;23:00;3.067,99;3.200,00;2.975,95;3.296,00;Enerji Açýðý
20.07.2025;00:00;3.300,01;3.394,00;3.201,01;3.495,82;Enerji Açýðý
20.07.2025;01:00;3.250,00;2.254,00;2.186,38;3.347,50;Enerji Fazlasý
20.07.2025;02:00;3.120,01;3.120,01;3.026,41;3.213,61;Enerji Fazlasý
20.07.2025;03:00;2.801,00;2.801,00;2.716,97;2.885,03;Enerji Açýðý
20.07.2025;04:00;2.890,96;2.890,96;2.804,23;2.977,69;Enerji Açýðý
20.07.2025;05:00;3.120,71;3.120,71;3.027,09;3.214,33;Enerji Açýðý
20.07.2025;06:00;3.400,00;3.400,00;3.298,00;3.502,00;Enerji Açýðý
20.07.2025;07:00;3.040,02;3.360,00;2.948,82;3.460,80;Enerji Açýðý
20.07.2025;08:00;1.719,98;650;630,5;1.771,58;Enerji Fazlasý
20.07.2025;09:00;1.599,98;520;504,4;1.647,98;Enerji Fazlasý
20.07.2025;10:00;1.599,98;650;630,5;1.647,98;Enerji Fazlasý
20.07.2025;11:00;1.399,99;520;504,4;1.441,99;Enerji Fazlasý
20.07.2025;12:00;1.343,10;650;630,5;1.383,39;Enerji Fazlasý
20.07.2025;13:00;1.597,00;1.823,69;1.549,09;1.878,40;Enerji Açýðý
20.07.2025;14:00;1.599,98;2.000,00;1.551,98;2.060,00;Enerji Açýðý
20.07.2025;15:00;1.599,97;3.200,00;1.551,97;3.296,00;Enerji Açýðý
20.07.2025;16:00;1.940,10;3.370,00;1.881,90;3.471,10;Enerji Açýðý
20.07.2025;17:00;2.490,01;3.400,00;2.415,31;3.502,00;Enerji Açýðý
20.07.2025;18:00;3.290,01;3.400,00;3.191,31;3.502,00;Enerji Açýðý
20.07.2025;19:00;3.400,00;3.400,00;3.298,00;3.502,00;Enerji Açýðý
20.07.2025;20:00;3.400,00;3.400,00;3.298,00;3.502,00;Enerji Açýðý
20.07.2025;21:00;3.400,00;3.400,00;3.298,00;3.502,00;Enerji Açýðý
20.07.2025;22:00;3.400,00;3.400,00;3.298,00;3.502,00;Enerji Açýðý
20.07.2025;23:00;3.348,48;3.400,00;3.248,03;3.502,00;Enerji Açýðý
21.07.2025;00:00;3.400,00;3.400,00;3.298,00;3.502,00;Enerji Açýðý
21.07.2025;01:00;3.348,47;3.400,00;3.248,02;3.502,00;Enerji Açýðý
21.07.2025;02:00;3.155,01;3.298,00;3.060,36;3.396,94;Enerji Açýðý
21.07.2025;03:00;2.920,00;3.200,00;2.832,40;3.296,00;Enerji Açýðý
21.07.2025;04:00;2.900,01;2.900,01;2.813,01;2.987,01;Enerji Açýðý
21.07.2025;05:00;1.900,00;1.900,00;1.843,00;1.957,00;Enerji Açýðý
21.07.2025;06:00;2.401,00;2.103,00;2.039,91;2.473,03;Enerji Fazlasý
21.07.2025;07:00;2.749,07;2.450,00;2.376,50;2.831,54;Enerji Fazlasý
21.07.2025;08:00;3.304,33;3.400,00;3.205,20;3.502,00;Enerji Açýðý
21.07.2025;09:00;3.304,34;3.400,00;3.205,21;3.502,00;Enerji Açýðý
21.07.2025;10:00;3.250,00;3.400,00;3.152,50;3.502,00;Enerji Açýðý
21.07.2025;11:00;3.199,78;3.400,00;3.103,79;3.502,00;Enerji Açýðý
21.07.2025;12:00;2.749,08;3.400,00;2.666,61;3.502,00;Enerji Açýðý
21.07.2025;13:00;3.092,00;3.400,00;2.999,24;3.502,00;Enerji Açýðý
21.07.2025;14:00;2.841,00;3.400,00;2.755,77;3.502,00;Enerji Açýðý
21.07.2025;15:00;3.130,00;3.400,00;3.036,10;3.502,00;Enerji Açýðý
21.07.2025;16:00;3.400,00;3.400,00;3.298,00;3.502,00;Enerji Açýðý
21.07.2025;17:00;3.400,00;3.400,00;3.298,00;3.502,00;Enerji Açýðý
21.07.2025;18:00;3.400,00;3.400,00;3.298,00;3.502,00;Enerji Açýðý
21.07.2025;19:00;3.400,00;3.400,00;3.298,00;3.502,00;Enerji Açýðý
21.07.2025;20:00;3.400,00;3.400,00;3.298,00;3.502,00;Enerji Açýðý
21.07.2025;21:00;3.400,00;3.400,00;3.298,00;3.502,00;Enerji Açýðý
21.07.2025;22:00;3.400,00;3.400,00;3.298,00;3.502,00;Enerji Açýðý
21.07.2025;23:00;3.400,00;3.400,00;3.298,00;3.502,00;Enerji Açýðý
22.07.2025;00:00;3.400,00;3.400,00;3.298,00;3.502,00;Enerji Açýðý
22.07.2025;01:00;3.345,08;3.400,00;3.244,73;3.502,00;Enerji Açýðý
22.07.2025;02:00;3.193,64;3.400,00;3.097,83;3.502,00;Enerji Açýðý
22.07.2025;03:00;3.121,85;3.400,00;3.028,19;3.502,00;Enerji Açýðý
22.07.2025;04:00;3.300,00;3.400,00;3.201,00;3.502,00;Enerji Açýðý
22.07.2025;05:00;3.299,99;3.400,00;3.200,99;3.502,00;Enerji Açýðý
22.07.2025;06:00;3.120,00;3.120,00;3.026,40;3.213,60;Enerji Açýðý
22.07.2025;07:00;2.950,01;3.344,00;2.861,51;3.444,32;Enerji Açýðý
22.07.2025;08:00;3.308,82;3.400,00;3.209,56;3.502,00;Enerji Açýðý
22.07.2025;09:00;3.300,01;3.400,00;3.201,01;3.502,00;Enerji Açýðý
22.07.2025;10:00;3.135,33;3.400,00;3.041,27;3.502,00;Enerji Açýðý
22.07.2025;11:00;2.987,99;3.400,00;2.898,35;3.502,00;Enerji Açýðý
22.07.2025;12:00;2.950,00;3.400,00;2.861,50;3.502,00;Enerji Açýðý
22.07.2025;13:00;3.100,00;3.400,00;3.007,00;3.502,00;Enerji Açýðý
22.07.2025;14:00;2.910,11;3.365,00;2.822,81;3.465,95;Enerji Açýðý
22.07.2025;15:00;3.199,99;3.400,00;3.103,99;3.502,00;Enerji Açýðý
22.07.2025;16:00;3.400,00;3.400,00;3.298,00;3.502,00;Enerji Açýðý
22.07.2025;17:00;3.400,00;3.400,00;3.298,00;3.502,00;Enerji Açýðý
22.07.2025;18:00;3.400,00;3.400,00;3.298,00;3.502,00;Enerji Açýðý
22.07.2025;19:00;3.400,00;3.400,00;3.298,00;3.502,00;Enerji Açýðý
22.07.2025;20:00;3.400,00;3.400,00;3.298,00;3.502,00;Enerji Açýðý
22.07.2025;21:00;3.400,00;3.400,00;3.298,00;3.502,00;Enerji Açýðý
22.07.2025;22:00;3.400,00;3.400,00;3.298,00;3.502,00;Enerji Açýðý
22.07.2025;23:00;3.400,00;3.400,00;3.298,00;3.502,00;Enerji Açýðý
23.07.2025;00:00;3.400,00;3.400,00;3.298,00;3.502,00;Enerji Açýðý
23.07.2025;01:00;3.400,00;3.400,00;3.298,00;3.502,00;Enerji Açýðý
23.07.2025;02:00;3.400,00;3.400,00;3.298,00;3.502,00;Enerji Açýðý
23.07.2025;03:00;3.400,00;3.400,00;3.298,00;3.502,00;Enerji Açýðý
23.07.2025;04:00;3.371,06;3.400,00;3.269,93;3.502,00;Enerji Açýðý
23.07.2025;05:00;3.344,37;3.400,00;3.244,04;3.502,00;Enerji Açýðý
23.07.2025;06:00;3.130,00;3.400,00;3.036,10;3.502,00;Enerji Açýðý
23.07.2025;07:00;2.987,99;3.400,00;2.898,35;3.502,00;Enerji Açýðý
23.07.2025;08:00;3.399,98;3.400,00;3.297,98;3.502,00;Enerji Açýðý
23.07.2025;09:00;3.371,01;3.400,00;3.269,88;3.502,00;Enerji Açýðý
23.07.2025;10:00;3.240,00;3.400,00;3.142,80;3.502,00;Enerji Açýðý
23.07.2025;11:00;3.178,01;3.400,00;3.082,67;3.502,00;Enerji Açýðý
23.07.2025;12:00;2.950,00;3.400,00;2.861,50;3.502,00;Enerji Açýðý
23.07.2025;13:00;3.078,01;3.400,00;2.985,67;3.502,00;Enerji Açýðý
23.07.2025;14:00;2.801,01;3.400,00;2.716,98;3.502,00;Enerji Açýðý
23.07.2025;15:00;3.178,00;3.400,00;3.082,66;3.502,00;Enerji Açýðý
23.07.2025;16:00;3.400,00;3.400,00;3.298,00;3.502,00;Enerji Açýðý
23.07.2025;17:00;3.400,00;3.400,00;3.298,00;3.502,00;Enerji Açýðý
23.07.2025;18:00;3.400,00;3.400,00;3.298,00;3.502,00;Enerji Açýðý
23.07.2025;19:00;3.400,00;3.400,00;3.298,00;3.502,00;Enerji Açýðý
23.07.2025;20:00;3.400,00;3.400,00;3.298,00;3.502,00;Enerji Açýðý
23.07.2025;21:00;3.400,00;3.400,00;3.298,00;3.502,00;Enerji Açýðý
23.07.2025;22:00;3.400,00;3.400,00;3.298,00;3.502,00;Enerji Açýðý
23.07.2025;23:00;3.169,38;3.400,00;3.074,30;3.502,00;Enerji Açýðý
24.07.2025;00:00;3.400,00;3.400,00;3.298,00;3.502,00;Enerji Açýðý
24.07.2025;01:00;3.300,00;3.400,00;3.201,00;3.502,00;Enerji Açýðý
24.07.2025;02:00;3.120,00;3.400,00;3.026,40;3.502,00;Enerji Açýðý
24.07.2025;03:00;3.199,99;3.400,00;3.103,99;3.502,00;Enerji Açýðý
24.07.2025;04:00;2.900,01;3.400,00;2.813,01;3.502,00;Enerji Açýðý
24.07.2025;05:00;2.599,99;3.400,00;2.521,99;3.502,00;Enerji Açýðý
24.07.2025;06:00;2.350,00;3.200,00;2.279,50;3.296,00;Enerji Açýðý
24.07.2025;07:00;2.796,07;3.078,42;2.712,19;3.170,77;Enerji Açýðý
24.07.2025;08:00;3.199,99;3.200,00;3.103,99;3.296,00;Enerji Açýðý
24.07.2025;09:00;3.199,99;3.200,00;3.103,99;3.296,00;Enerji Açýðý
24.07.2025;10:00;2.949,99;3.200,00;2.861,49;3.296,00;Enerji Açýðý
24.07.2025;11:00;3.084,01;3.200,00;2.991,49;3.296,00;Enerji Açýðý
24.07.2025;12:00;2.896,40;3.178,75;2.809,51;3.274,11;Enerji Açýðý
24.07.2025;13:00;3.030,07;3.388,00;2.939,17;3.489,64;Enerji Açýðý
24.07.2025;14:00;3.130,00;3.400,00;3.036,10;3.502,00;Enerji Açýðý
24.07.2025;15:00;3.200,00;3.400,00;3.104,00;3.502,00;Enerji Açýðý
24.07.2025;16:00;3.400,00;3.400,00;3.298,00;3.502,00;Enerji Açýðý
24.07.2025;17:00;3.400,00;3.400,00;3.298,00;3.502,00;Enerji Açýðý
24.07.2025;18:00;3.400,00;3.400,00;3.298,00;3.502,00;Enerji Açýðý
24.07.2025;19:00;3.400,00;3.400,00;3.298,00;3.502,00;Enerji Açýðý
24.07.2025;20:00;3.400,00;3.400,00;3.298,00;3.502,00;Enerji Açýðý
24.07.2025;21:00;3.400,00;3.400,00;3.298,00;3.502,00;Enerji Açýðý
24.07.2025;22:00;3.400,00;3.400,00;3.298,00;3.502,00;Enerji Açýðý
24.07.2025;23:00;3.300,01;3.400,00;3.201,01;3.502,00;Enerji Açýðý
25.07.2025;00:00;3.348,47;3.400,00;3.248,02;3.502,00;Enerji Açýðý
25.07.2025;01:00;3.250,00;3.250,00;3.152,50;3.347,50;Enerji Açýðý
25.07.2025;02:00;3.105,75;3.105,75;3.012,58;3.198,92;Enerji Açýðý
25.07.2025;03:00;3.198,01;3.290,58;3.102,07;3.389,30;Enerji Açýðý
25.07.2025;04:00;2.944,44;3.400,00;2.856,11;3.502,00;Enerji Açýðý
25.07.2025;05:00;2.910,32;3.200,00;2.823,01;3.296,00;Enerji Açýðý
25.07.2025;06:00;2.150,00;3.036,00;2.085,50;3.127,08;Enerji Açýðý
25.07.2025;07:00;2.799,00;3.147,00;2.715,03;3.241,41;Enerji Açýðý
25.07.2025;08:00;3.211,20;3.400,00;3.114,86;3.502,00;Enerji Açýðý
25.07.2025;09:00;3.299,99;3.400,00;3.200,99;3.502,00;Enerji Açýðý
25.07.2025;10:00;3.067,99;3.400,00;2.975,95;3.502,00;Enerji Açýðý
25.07.2025;11:00;3.110,69;3.400,00;3.017,37;3.502,00;Enerji Açýðý
25.07.2025;12:00;2.877,34;3.400,00;2.791,02;3.502,00;Enerji Açýðý
25.07.2025;13:00;2.814,95;3.147,77;2.730,50;3.242,20;Enerji Açýðý
25.07.2025;14:00;3.198,01;3.400,00;3.102,07;3.502,00;Enerji Açýðý
25.07.2025;15:00;2.991,00;3.400,00;2.901,27;3.502,00;Enerji Açýðý
25.07.2025;16:00;3.331,18;3.400,00;3.231,24;3.502,00;Enerji Açýðý
25.07.2025;17:00;3.400,00;3.400,00;3.298,00;3.502,00;Enerji Açýðý
25.07.2025;18:00;3.000,00;3.400,00;2.910,00;3.502,00;Enerji Açýðý
25.07.2025;19:00;3.350,01;3.400,00;3.249,51;3.502,00;Enerji Açýðý
25.07.2025;20:00;3.400,00;3.400,00;3.298,00;3.502,00;Enerji Açýðý
25.07.2025;21:00;3.400,00;3.400,00;3.298,00;3.502,00;Enerji Açýðý
25.07.2025;22:00;3.299,99;3.400,00;3.200,99;3.502,00;Enerji Açýðý
25.07.2025;23:00;3.200,01;3.400,00;3.104,01;3.502,00;Enerji Açýðý
26.07.2025;00:00;3.400,00;3.400,00;3.298,00;3.502,00;Enerji Açýðý
26.07.2025;01:00;3.378,10;3.400,00;3.276,76;3.502,00;Enerji Açýðý
26.07.2025;02:00;3.094,00;3.400,00;3.001,18;3.502,00;Enerji Açýðý
26.07.2025;03:00;3.319,99;3.400,00;3.220,39;3.502,00;Enerji Açýðý
26.07.2025;04:00;3.299,99;3.299,99;3.200,99;3.398,99;Enerji Açýðý
26.07.2025;05:00;3.331,19;3.400,00;3.231,25;3.502,00;Enerji Açýðý
26.07.2025;06:00;3.147,77;3.400,00;3.053,34;3.502,00;Enerji Açýðý
26.07.2025;07:00;2.399,99;3.400,00;2.327,99;3.502,00;Enerji Açýðý
26.07.2025;08:00;2.799,01;3.400,00;2.715,04;3.502,00;Enerji Açýðý
26.07.2025;09:00;2.920,00;3.400,00;2.832,40;3.502,00;Enerji Açýðý
26.07.2025;10:00;2.919,99;3.200,00;2.832,39;3.296,00;Enerji Açýðý
26.07.2025;11:00;2.920,00;3.000,00;2.832,40;3.090,00;Enerji Açýðý
26.07.2025;12:00;2.819,99;2.819,99;2.735,39;2.904,59;Enerji Açýðý
26.07.2025;13:00;2.987,74;3.100,00;2.898,11;3.193,00;Enerji Açýðý
26.07.2025;14:00;3.200,01;3.250,00;3.104,01;3.347,50;Enerji Açýðý
26.07.2025;15:00;2.274,99;3.370,00;2.206,74;3.471,10;Enerji Açýðý
26.07.2025;16:00;2.700,00;3.400,00;2.619,00;3.502,00;Enerji Açýðý
26.07.2025;17:00;3.320,00;3.400,00;3.220,40;3.502,00;Enerji Açýðý
26.07.2025;18:00;3.400,00;3.400,00;3.298,00;3.502,00;Enerji Açýðý
26.07.2025;19:00;3.400,00;3.400,00;3.298,00;3.502,00;Enerji Açýðý
26.07.2025;20:00;3.400,00;3.400,00;3.298,00;3.502,00;Enerji Açýðý
26.07.2025;21:00;3.400,00;3.400,00;3.298,00;3.502,00;Enerji Açýðý
26.07.2025;22:00;3.400,00;3.400,00;3.298,00;3.502,00;Enerji Açýðý
26.07.2025;23:00;3.400,00;3.400,00;3.298,00;3.502,00;Enerji Açýðý
27.07.2025;00:00;3.400,00;3.400,00;3.298,00;3.502,00;Enerji Açýðý
27.07.2025;01:00;3.380,01;3.400,00;3.278,61;3.502,00;Enerji Açýðý
27.07.2025;02:00;3.250,01;3.400,00;3.152,51;3.502,00;Enerji Açýðý
27.07.2025;03:00;3.289,01;3.400,00;3.190,34;3.502,00;Enerji Açýðý
27.07.2025;04:00;3.250,01;3.400,00;3.152,51;3.502,00;Enerji Açýðý
27.07.2025;05:00;3.155,01;3.400,00;3.060,36;3.502,00;Enerji Açýðý
27.07.2025;06:00;3.320,01;3.394,00;3.220,41;3.495,82;Enerji Açýðý
27.07.2025;07:00;3.230,01;3.400,00;3.133,11;3.502,00;Enerji Açýðý
27.07.2025;08:00;2.700,00;3.200,00;2.619,00;3.296,00;Enerji Açýðý
27.07.2025;09:00;1.724,99;3.200,00;1.673,24;3.296,00;Enerji Açýðý
27.07.2025;10:00;1.999,99;3.200,00;1.939,99;3.296,00;Enerji Açýðý
27.07.2025;11:00;2.910,10;3.200,00;2.822,80;3.296,00;Enerji Açýðý
27.07.2025;12:00;2.864,00;3.000,00;2.778,08;3.090,00;Enerji Açýðý
27.07.2025;13:00;3.250,00;3.250,00;3.152,50;3.347,50;Enerji Açýðý
27.07.2025;14:00;3.199,69;1.199,69;1.163,70;3.295,68;Enerji Fazlasý
27.07.2025;15:00;2.950,01;1.966,00;1.907,02;3.038,51;Enerji Fazlasý
27.07.2025;16:00;3.250,00;2.218,00;2.151,46;3.347,50;Enerji Fazlasý
27.07.2025;17:00;3.400,00;3.400,00;3.298,00;3.502,00;Enerji Açýðý
27.07.2025;18:00;3.388,87;3.400,00;3.287,20;3.502,00;Enerji Açýðý
27.07.2025;19:00;3.400,00;3.400,00;3.298,00;3.502,00;Enerji Açýðý
27.07.2025;20:00;3.400,00;3.400,00;3.298,00;3.502,00;Enerji Açýðý
27.07.2025;21:00;3.400,00;3.400,00;3.298,00;3.502,00;Enerji Açýðý
27.07.2025;22:00;3.400,00;3.400,00;3.298,00;3.502,00;Enerji Açýðý
27.07.2025;23:00;3.400,00;3.400,00;3.298,00;3.502,00;Enerji Açýðý
28.07.2025;00:00;3.400,00;3.400,00;3.298,00;3.502,00;Enerji Açýðý
28.07.2025;01:00;3.400,00;3.400,00;3.298,00;3.502,00;Enerji Açýðý
28.07.2025;02:00;3.300,00;3.400,00;3.201,00;3.502,00;Enerji Açýðý
28.07.2025;03:00;3.300,00;3.400,00;3.201,00;3.502,00;Enerji Açýðý
28.07.2025;04:00;3.250,01;3.400,00;3.152,51;3.502,00;Enerji Açýðý
28.07.2025;05:00;3.250,00;3.400,00;3.152,50;3.502,00;Enerji Açýðý
28.07.2025;06:00;3.319,99;3.319,99;3.220,39;3.419,59;Enerji Açýðý
28.07.2025;07:00;3.250,01;3.370,00;3.152,51;3.471,10;Enerji Açýðý
28.07.2025;08:00;3.400,00;3.400,00;3.298,00;3.502,00;Enerji Açýðý
28.07.2025;09:00;3.400,00;3.400,00;3.298,00;3.502,00;Enerji Açýðý
28.07.2025;10:00;3.400,00;3.400,00;3.298,00;3.502,00;Enerji Açýðý
28.07.2025;11:00;3.400,00;3.400,00;3.298,00;3.502,00;Enerji Açýðý
28.07.2025;12:00;3.250,01;3.400,00;3.152,51;3.502,00;Enerji Açýðý
28.07.2025;13:00;3.400,00;3.400,00;3.298,00;3.502,00;Enerji Açýðý
28.07.2025;14:00;3.400,00;3.400,00;3.298,00;3.502,00;Enerji Açýðý
28.07.2025;15:00;3.400,00;3.400,00;3.298,00;3.502,00;Enerji Açýðý
28.07.2025;16:00;3.400,00;3.400,00;3.298,00;3.502,00;Enerji Açýðý
28.07.2025;17:00;3.400,00;3.400,00;3.298,00;3.502,00;Enerji Açýðý
28.07.2025;18:00;3.400,00;3.400,00;3.298,00;3.502,00;Enerji Açýðý
28.07.2025;19:00;3.400,00;3.400,00;3.298,00;3.502,00;Enerji Açýðý
28.07.2025;20:00;3.400,00;3.400,00;3.298,00;3.502,00;Enerji Açýðý
28.07.2025;21:00;3.400,00;3.400,00;3.298,00;3.502,00;Enerji Açýðý
28.07.2025;22:00;3.400,00;3.400,00;3.298,00;3.502,00;Enerji Açýðý
28.07.2025;23:00;3.400,00;3.400,00;3.298,00;3.502,00;Enerji Açýðý
29.07.2025;00:00;3.400,00;3.400,00;3.298,00;3.502,00;Enerji Açýðý
29.07.2025;01:00;3.400,00;3.400,00;3.298,00;3.502,00;Enerji Açýðý
29.07.2025;02:00;3.400,00;3.400,00;3.298,00;3.502,00;Enerji Açýðý
29.07.2025;03:00;3.400,00;3.400,00;3.298,00;3.502,00;Enerji Açýðý
29.07.2025;04:00;3.400,00;3.400,00;3.298,00;3.502,00;Enerji Açýðý
29.07.2025;05:00;3.400,00;3.400,00;3.298,00;3.502,00;Enerji Açýðý
29.07.2025;06:00;3.400,00;3.400,00;3.298,00;3.502,00;Enerji Açýðý
29.07.2025;07:00;3.400,00;3.400,00;3.298,00;3.502,00;Enerji Açýðý
29.07.2025;08:00;3.400,00;3.400,00;3.298,00;3.502,00;Enerji Açýðý
29.07.2025;09:00;3.400,00;3.400,00;3.298,00;3.502,00;Enerji Açýðý
29.07.2025;10:00;3.400,00;3.400,00;3.298,00;3.502,00;Enerji Açýðý
29.07.2025;11:00;3.400,00;3.400,00;3.298,00;3.502,00;Enerji Açýðý
29.07.2025;12:00;3.250,01;3.400,00;3.152,51;3.502,00;Enerji Açýðý
29.07.2025;13:00;3.400,00;3.400,00;3.298,00;3.502,00;Enerji Açýðý
29.07.2025;14:00;3.400,00;3.400,00;3.298,00;3.502,00;Enerji Açýðý
29.07.2025;15:00;3.400,00;3.400,00;3.298,00;3.502,00;Enerji Açýðý
29.07.2025;16:00;3.400,00;3.400,00;3.298,00;3.502,00;Enerji Açýðý
29.07.2025;17:00;3.400,00;3.400,00;3.298,00;3.502,00;Enerji Açýðý
29.07.2025;18:00;3.400,00;3.400,00;3.298,00;3.502,00;Enerji Açýðý
29.07.2025;19:00;3.400,00;3.400,00;3.298,00;3.502,00;Enerji Açýðý
29.07.2025;20:00;3.400,00;3.400,00;3.298,00;3.502,00;Enerji Açýðý
29.07.2025;21:00;3.400,00;3.400,00;3.298,00;3.502,00;Enerji Açýðý
29.07.2025;22:00;3.400,00;3.400,00;3.298,00;3.502,00;Enerji Açýðý
29.07.2025;23:00;3.400,00;3.400,00;3.298,00;3.502,00;Enerji Açýðý
30.07.2025;00:00;3.400,00;3.400,00;3.298,00;3.502,00;Enerji Açýðý
30.07.2025;01:00;3.400,00;3.400,00;3.298,00;3.502,00;Enerji Açýðý
30.07.2025;02:00;3.400,00;3.400,00;3.298,00;3.502,00;Enerji Açýðý
30.07.2025;03:00;3.400,00;3.400,00;3.298,00;3.502,00;Enerji Açýðý
30.07.2025;04:00;3.400,00;3.400,00;3.298,00;3.502,00;Enerji Açýðý
30.07.2025;05:00;3.354,29;3.400,00;3.253,66;3.502,00;Enerji Açýðý
30.07.2025;06:00;3.195,55;3.400,00;3.099,68;3.502,00;Enerji Açýðý
30.07.2025;07:00;3.067,11;3.400,00;2.975,10;3.502,00;Enerji Açýðý
30.07.2025;08:00;3.400,00;3.400,00;3.298,00;3.502,00;Enerji Açýðý
30.07.2025;09:00;3.400,00;3.400,00;3.298,00;3.502,00;Enerji Açýðý
30.07.2025;10:00;3.351,62;3.400,00;3.251,07;3.502,00;Enerji Açýðý
30.07.2025;11:00;3.348,48;3.400,00;3.248,03;3.502,00;Enerji Açýðý
30.07.2025;12:00;2.920,00;3.400,00;2.832,40;3.502,00;Enerji Açýðý
30.07.2025;13:00;3.275,01;3.400,00;3.176,76;3.502,00;Enerji Açýðý
30.07.2025;14:00;3.155,01;3.400,00;3.060,36;3.502,00;Enerji Açýðý
30.07.2025;15:00;3.348,39;3.400,00;3.247,94;3.502,00;Enerji Açýðý
30.07.2025;16:00;3.400,00;3.400,00;3.298,00;3.502,00;Enerji Açýðý
30.07.2025;17:00;3.400,00;3.400,00;3.298,00;3.502,00;Enerji Açýðý
30.07.2025;18:00;3.400,00;3.400,00;3.298,00;3.502,00;Enerji Açýðý
30.07.2025;19:00;3.400,00;3.400,00;3.298,00;3.502,00;Enerji Açýðý
30.07.2025;20:00;3.400,00;3.400,00;3.298,00;3.502,00;Enerji Açýðý
30.07.2025;21:00;3.400,00;3.400,00;3.298,00;3.502,00;Enerji Açýðý
30.07.2025;22:00;3.400,00;3.400,00;3.298,00;3.502,00;Enerji Açýðý
30.07.2025;23:00;3.400,00;3.100,00;3.007,00;3.502,00;Enerji Fazlasý
31.07.2025;00:00;3.400,00;3.400,00;3.298,00;3.502,00;Enerji Açýðý
31.07.2025;01:00;3.400,00;3.400,00;3.298,00;3.502,00;Enerji Açýðý
31.07.2025;02:00;3.400,00;2.297,00;2.228,09;3.502,00;Enerji Fazlasý
31.07.2025;03:00;3.198,01;2.297,00;2.228,09;3.293,95;Enerji Fazlasý
31.07.2025;04:00;2.800,00;2.297,00;2.228,09;2.884,00;Enerji Fazlasý
31.07.2025;05:00;3.194,00;2.297,00;2.228,09;3.289,82;Enerji Fazlasý
31.07.2025;06:00;2.970,01;1.923,00;1.865,31;3.059,11;Enerji Fazlasý
31.07.2025;07:00;2.800,00;3.118,88;2.716,00;3.212,45;Enerji Açýðý
31.07.2025;08:00;3.343,38;3.400,00;3.243,08;3.502,00;Enerji Açýðý
31.07.2025;09:00;3.320,00;3.400,00;3.220,40;3.502,00;Enerji Açýðý
31.07.2025;10:00;3.161,90;3.400,00;3.067,04;3.502,00;Enerji Açýðý
31.07.2025;11:00;3.001,01;3.400,00;2.910,98;3.502,00;Enerji Açýðý
31.07.2025;12:00;2.405,99;3.136,00;2.333,81;3.230,08;Enerji Açýðý
31.07.2025;13:00;3.050,00;3.398,00;2.958,50;3.499,94;Enerji Açýðý
31.07.2025;14:00;3.343,39;3.400,00;3.243,09;3.502,00;Enerji Açýðý
31.07.2025;15:00;3.400,00;3.400,00;3.298,00;3.502,00;Enerji Açýðý
31.07.2025;16:00;3.400,00;3.400,00;3.298,00;3.502,00;Enerji Açýðý
31.07.2025;17:00;3.400,00;3.400,00;3.298,00;3.502,00;Enerji Açýðý
31.07.2025;18:00;3.400,00;3.400,00;3.298,00;3.502,00;Enerji Açýðý
31.07.2025;19:00;3.400,00;3.400,00;3.298,00;3.502,00;Enerji Açýðý
31.07.2025;20:00;3.400,00;3.400,00;3.298,00;3.502,00;Enerji Açýðý
31.07.2025;21:00;3.400,00;3.400,00;3.298,00;3.502,00;Enerji Açýðý
31.07.2025;22:00;3.400,00;3.400,00;3.298,00;3.502,00;Enerji Açýðý
31.07.2025;23:00;3.343,38;2.297,00;2.228,09;3.443,68;Enerji Fazlasý
1.08.2025;00:00;3.399,00;3.400,00;3.297,03;3.502,00;Enerji Açýðý
1.08.2025;01:00;3.339,81;3.400,00;3.239,62;3.502,00;Enerji Açýðý
1.08.2025;02:00;3.200,00;3.400,00;3.104,00;3.502,00;Enerji Açýðý
1.08.2025;03:00;3.300,00;3.399,00;3.201,00;3.500,97;Enerji Açýðý
1.08.2025;04:00;3.299,99;3.299,99;3.200,99;3.398,99;Enerji Açýðý
1.08.2025;05:00;3.049,00;2.297,00;2.228,09;3.140,47;Enerji Fazlasý
1.08.2025;06:00;2.750,00;3.398,00;2.667,50;3.499,94;Enerji Açýðý
1.08.2025;07:00;1.899,99;3.400,00;1.842,99;3.502,00;Enerji Açýðý
1.08.2025;08:00;3.129,99;3.400,00;3.036,09;3.502,00;Enerji Açýðý
1.08.2025;09:00;3.299,82;3.400,00;3.200,83;3.502,00;Enerji Açýðý
1.08.2025;10:00;3.137,41;3.400,00;3.043,29;3.502,00;Enerji Açýðý
1.08.2025;11:00;3.048,99;3.400,00;2.957,52;3.502,00;Enerji Açýðý
1.08.2025;12:00;1.750,00;650;630,5;1.802,50;Enerji Fazlasý
1.08.2025;13:00;2.401,00;400;388;2.473,03;Enerji Fazlasý
1.08.2025;14:00;2.968,01;2.297,00;2.228,09;3.057,05;Enerji Fazlasý
1.08.2025;15:00;3.000,00;2.161,00;2.096,17;3.090,00;Enerji Fazlasý
1.08.2025;16:00;3.155,01;3.175,00;3.060,36;3.270,25;Enerji Açýðý
1.08.2025;17:00;3.399,00;3.400,00;3.297,03;3.502,00;Enerji Açýðý
1.08.2025;18:00;3.348,38;2.103,00;2.039,91;3.448,83;Enerji Fazlasý
1.08.2025;19:00;3.399,00;2.297,00;2.228,09;3.500,97;Enerji Fazlasý
1.08.2025;20:00;3.399,01;3.400,00;3.297,04;3.502,00;Enerji Açýðý
1.08.2025;21:00;3.399,00;3.400,00;3.297,03;3.502,00;Enerji Açýðý
1.08.2025;22:00;3.348,38;2.105,00;2.041,85;3.448,83;Enerji Fazlasý
1.08.2025;23:00;3.193,63;1.750,00;1.697,50;3.289,44;Enerji Fazlasý
2.08.2025;00:00;3.359,99;2.859,99;2.774,19;3.460,79;Enerji Fazlasý
2.08.2025;01:00;3.200,00;2.800,00;2.716,00;3.296,00;Enerji Fazlasý
2.08.2025;02:00;3.044,44;3.044,44;2.953,11;3.135,77;Enerji Açýðý
2.08.2025;03:00;3.118,74;2.618,74;2.540,18;3.212,30;Enerji Fazlasý
2.08.2025;04:00;3.000,00;3.118,88;2.910,00;3.212,45;Enerji Açýðý
2.08.2025;05:00;2.600,00;3.399,00;2.522,00;3.500,97;Enerji Açýðý
2.08.2025;06:00;2.938,68;3.290,58;2.850,52;3.389,30;Enerji Açýðý
2.08.2025;07:00;2.490,01;3.118,88;2.415,31;3.212,45;Enerji Açýðý
2.08.2025;08:00;2.964,00;3.400,00;2.875,08;3.502,00;Enerji Açýðý
2.08.2025;09:00;3.000,01;3.400,00;2.910,01;3.502,00;Enerji Açýðý
2.08.2025;10:00;2.819,99;3.400,00;2.735,39;3.502,00;Enerji Açýðý
2.08.2025;11:00;2.618,01;3.400,00;2.539,47;3.502,00;Enerji Açýðý
2.08.2025;12:00;2.138,01;3.400,00;2.073,87;3.502,00;Enerji Açýðý
2.08.2025;13:00;2.900,01;3.400,00;2.813,01;3.502,00;Enerji Açýðý
2.08.2025;14:00;2.819,99;2.867,99;2.735,39;2.954,03;Enerji Açýðý
2.08.2025;15:00;2.620,00;3.118,88;2.541,40;3.212,45;Enerji Açýðý
2.08.2025;16:00;3.044,45;3.175,00;2.953,12;3.270,25;Enerji Açýðý
2.08.2025;17:00;3.000,00;3.118,88;2.910,00;3.212,45;Enerji Açýðý
2.08.2025;18:00;3.247,05;3.400,00;3.149,64;3.502,00;Enerji Açýðý
2.08.2025;19:00;3.399,01;3.400,00;3.297,04;3.502,00;Enerji Açýðý
2.08.2025;20:00;3.399,01;3.400,00;3.297,04;3.502,00;Enerji Açýðý
2.08.2025;21:00;3.399,82;3.400,00;3.297,83;3.502,00;Enerji Açýðý
2.08.2025;22:00;3.399,00;3.400,00;3.297,03;3.502,00;Enerji Açýðý
2.08.2025;23:00;3.303,00;3.400,00;3.203,91;3.502,00;Enerji Açýðý
3.08.2025;00:00;3.399,01;3.400,00;3.297,04;3.502,00;Enerji Açýðý
3.08.2025;01:00;3.399,00;3.400,00;3.297,03;3.502,00;Enerji Açýðý
3.08.2025;02:00;3.359,99;3.400,00;3.259,19;3.502,00;Enerji Açýðý
3.08.2025;03:00;3.349,98;3.382,56;3.249,48;3.484,04;Enerji Açýðý
3.08.2025;04:00;3.298,00;3.330,58;3.199,06;3.430,50;Enerji Açýðý
3.08.2025;05:00;3.299,99;3.330,87;3.200,99;3.430,80;Enerji Açýðý
3.08.2025;06:00;3.399,00;3.400,00;3.297,03;3.502,00;Enerji Açýðý
3.08.2025;07:00;2.899,20;2.151,00;2.086,47;2.986,18;Enerji Fazlasý
3.08.2025;08:00;2.659,99;2.948,19;2.580,19;3.036,64;Enerji Açýðý
3.08.2025;09:00;1.726,00;520;504,4;1.777,78;Enerji Fazlasý
3.08.2025;10:00;1.512,64;400;388;1.558,02;Enerji Fazlasý
3.08.2025;11:00;1.400,00;520;504,4;1.442,00;Enerji Fazlasý
3.08.2025;12:00;1.395,89;650;630,5;1.437,77;Enerji Fazlasý
3.08.2025;13:00;1.899,99;2.948,19;1.842,99;3.036,64;Enerji Açýðý
3.08.2025;14:00;1.724,98;2.948,19;1.673,23;3.036,64;Enerji Açýðý
3.08.2025;15:00;1.724,99;2.948,19;1.673,24;3.036,64;Enerji Açýðý
3.08.2025;16:00;2.941,90;2.971,09;2.853,64;3.060,22;Enerji Açýðý
3.08.2025;17:00;3.005,00;2.297,00;2.228,09;3.095,15;Enerji Fazlasý
3.08.2025;18:00;2.800,00;3.118,88;2.716,00;3.212,45;Enerji Açýðý
3.08.2025;19:00;3.399,00;3.400,00;3.297,03;3.502,00;Enerji Açýðý
3.08.2025;20:00;3.399,01;3.400,00;3.297,04;3.502,00;Enerji Açýðý
3.08.2025;21:00;3.399,01;3.400,00;3.297,04;3.502,00;Enerji Açýðý
3.08.2025;22:00;3.399,00;3.400,00;3.297,03;3.502,00;Enerji Açýðý
3.08.2025;23:00;3.359,99;3.400,00;3.259,19;3.502,00;Enerji Açýðý
4.08.2025;00:00;3.349,98;3.400,00;3.249,48;3.502,00;Enerji Açýðý
4.08.2025;01:00;3.337,99;3.380,00;3.237,85;3.481,40;Enerji Açýðý
4.08.2025;02:00;3.300,00;3.380,00;3.201,00;3.481,40;Enerji Açýðý
4.08.2025;03:00;3.348,47;3.394,00;3.248,02;3.495,82;Enerji Açýðý
4.08.2025;04:00;3.288,89;2.297,00;2.228,09;3.387,56;Enerji Fazlasý
4.08.2025;05:00;3.073,69;2.079,00;2.016,63;3.165,90;Enerji Fazlasý
4.08.2025;06:00;3.049,99;3.049,99;2.958,49;3.141,49;Enerji Açýðý
4.08.2025;07:00;2.841,20;1.744,00;1.691,68;2.926,44;Enerji Fazlasý
4.08.2025;08:00;3.399,00;3.400,00;3.297,03;3.502,00;Enerji Açýðý
4.08.2025;09:00;3.359,99;3.400,00;3.259,19;3.502,00;Enerji Açýðý
4.08.2025;10:00;3.290,00;3.400,00;3.191,30;3.502,00;Enerji Açýðý
4.08.2025;11:00;3.000,00;2.297,00;2.228,09;3.090,00;Enerji Fazlasý
4.08.2025;12:00;2.538,38;520;504,4;2.614,53;Enerji Fazlasý
4.08.2025;13:00;2.944,00;1.744,00;1.691,68;3.032,32;Enerji Fazlasý
4.08.2025;14:00;3.307,00;3.400,00;3.207,79;3.502,00;Enerji Açýðý
4.08.2025;15:00;2.538,39;3.400,00;2.462,24;3.502,00;Enerji Açýðý
4.08.2025;16:00;3.199,89;3.394,00;3.103,89;3.495,82;Enerji Açýðý
4.08.2025;17:00;3.399,00;3.400,00;3.297,03;3.502,00;Enerji Açýðý
4.08.2025;18:00;3.399,00;3.399,00;3.297,03;3.500,97;Enerji Açýðý
4.08.2025;19:00;3.400,00;3.400,00;3.298,00;3.502,00;Enerji Açýðý
4.08.2025;20:00;3.400,00;3.400,00;3.298,00;3.502,00;Enerji Açýðý
4.08.2025;21:00;3.400,00;3.400,00;3.298,00;3.502,00;Enerji Açýðý
4.08.2025;22:00;3.399,00;3.400,00;3.297,03;3.502,00;Enerji Açýðý
4.08.2025;23:00;3.348,48;3.400,00;3.248,03;3.502,00;Enerji Açýðý
5.08.2025;00:00;3.398,01;3.400,00;3.296,07;3.502,00;Enerji Açýðý
5.08.2025;01:00;3.358,07;3.400,00;3.257,33;3.502,00;Enerji Açýðý
5.08.2025;02:00;3.255,41;3.400,00;3.157,75;3.502,00;Enerji Açýðý
5.08.2025;03:00;3.358,07;3.000,00;2.910,00;3.458,81;Enerji Fazlasý
5.08.2025;04:00;3.343,57;2.297,00;2.228,09;3.443,88;Enerji Fazlasý
5.08.2025;05:00;3.300,00;2.297,00;2.228,09;3.399,00;Enerji Fazlasý
5.08.2025;06:00;2.970,01;2.297,00;2.228,09;3.059,11;Enerji Fazlasý
5.08.2025;07:00;2.852,69;1.744,00;1.691,68;2.938,27;Enerji Fazlasý
5.08.2025;08:00;3.358,07;2.297,00;2.228,09;3.458,81;Enerji Fazlasý
5.08.2025;09:00;3.358,07;2.958,07;2.869,33;3.458,81;Enerji Fazlasý
5.08.2025;10:00;2.958,00;1.744,00;1.691,68;3.046,74;Enerji Fazlasý
5.08.2025;11:00;2.798,00;2.297,00;2.228,09;2.881,94;Enerji Fazlasý
5.08.2025;12:00;2.125,00;650;630,5;2.188,75;Enerji Fazlasý
5.08.2025;13:00;2.997,00;2.997,00;2.907,09;3.086,91;Enerji Açýðý
5.08.2025;14:00;2.527,00;3.290,58;2.451,19;3.389,30;Enerji Açýðý
5.08.2025;15:00;3.100,01;3.400,00;3.007,01;3.502,00;Enerji Açýðý
5.08.2025;16:00;2.999,99;3.400,00;2.909,99;3.502,00;Enerji Açýðý
5.08.2025;17:00;3.358,08;3.400,00;3.257,34;3.502,00;Enerji Açýðý
5.08.2025;18:00;3.358,07;3.400,00;3.257,33;3.502,00;Enerji Açýðý
5.08.2025;19:00;3.399,00;3.400,00;3.297,03;3.502,00;Enerji Açýðý
5.08.2025;20:00;3.399,00;3.400,00;3.297,03;3.502,00;Enerji Açýðý
5.08.2025;21:00;3.399,00;3.400,00;3.297,03;3.502,00;Enerji Açýðý
5.08.2025;22:00;3.358,08;3.400,00;3.257,34;3.502,00;Enerji Açýðý
5.08.2025;23:00;3.200,01;3.400,00;3.104,01;3.502,00;Enerji Açýðý
6.08.2025;00:00;3.399,01;3.400,00;3.297,04;3.502,00;Enerji Açýðý
6.08.2025;01:00;3.399,00;3.400,00;3.297,03;3.502,00;Enerji Açýðý
6.08.2025;02:00;3.300,00;3.400,00;3.201,00;3.502,00;Enerji Açýðý
6.08.2025;03:00;3.259,59;3.400,00;3.161,80;3.502,00;Enerji Açýðý
6.08.2025;04:00;2.901,00;3.290,58;2.813,97;3.389,30;Enerji Açýðý
6.08.2025;05:00;2.864,01;3.351,14;2.778,09;3.451,67;Enerji Açýðý
6.08.2025;06:00;2.880,63;3.000,00;2.794,21;3.090,00;Enerji Açýðý
6.08.2025;07:00;2.249,99;3.400,00;2.182,49;3.502,00;Enerji Açýðý
6.08.2025;08:00;3.290,00;3.400,00;3.191,30;3.502,00;Enerji Açýðý
6.08.2025;09:00;3.300,01;3.400,00;3.201,01;3.502,00;Enerji Açýðý
6.08.2025;10:00;2.400,00;3.400,00;2.328,00;3.502,00;Enerji Açýðý
6.08.2025;11:00;2.843,00;3.400,00;2.757,71;3.502,00;Enerji Açýðý
6.08.2025;12:00;2.600,00;3.400,00;2.522,00;3.502,00;Enerji Açýðý
6.08.2025;13:00;2.792,99;3.400,00;2.709,20;3.502,00;Enerji Açýðý
6.08.2025;14:00;3.280,00;3.400,00;3.181,60;3.502,00;Enerji Açýðý
6.08.2025;15:00;3.333,01;3.400,00;3.233,02;3.502,00;Enerji Açýðý
6.08.2025;16:00;3.094,01;3.400,00;3.001,19;3.502,00;Enerji Açýðý
6.08.2025;17:00;3.359,99;3.392,57;3.259,19;3.494,35;Enerji Açýðý
6.08.2025;18:00;3.349,98;3.382,56;3.249,48;3.484,04;Enerji Açýðý
6.08.2025;19:00;3.399,00;3.400,00;3.297,03;3.502,00;Enerji Açýðý
6.08.2025;20:00;3.399,00;3.400,00;3.297,03;3.502,00;Enerji Açýðý
6.08.2025;21:00;3.356,08;3.388,66;3.255,40;3.490,32;Enerji Açýðý
6.08.2025;22:00;2.985,00;3.400,00;2.895,45;3.502,00;Enerji Açýðý
6.08.2025;23:00;2.947,50;3.400,00;2.859,08;3.502,00;Enerji Açýðý
7.08.2025;00:00;3.398,99;3.400,00;3.297,02;3.502,00;Enerji Açýðý
7.08.2025;01:00;3.349,07;3.400,00;3.248,60;3.502,00;Enerji Açýðý
7.08.2025;02:00;3.118,00;3.118,00;3.024,46;3.211,54;Enerji Açýðý
7.08.2025;03:00;3.349,98;2.299,00;2.230,03;3.450,48;Enerji Fazlasý
7.08.2025;04:00;3.130,00;2.320,00;2.250,40;3.223,90;Enerji Fazlasý
7.08.2025;05:00;2.790,00;2.299,00;2.230,03;2.873,70;Enerji Fazlasý
7.08.2025;06:00;2.400,00;3.000,00;2.328,00;3.090,00;Enerji Açýðý
7.08.2025;07:00;2.659,99;3.118,88;2.580,19;3.212,45;Enerji Açýðý
7.08.2025;08:00;3.249,90;2.199,00;2.133,03;3.347,40;Enerji Fazlasý
7.08.2025;09:00;3.129,99;3.290,58;3.036,09;3.389,30;Enerji Açýðý
7.08.2025;10:00;2.894,00;3.118,88;2.807,18;3.212,45;Enerji Açýðý
